0	256	1
0	1	4
0	2	1
0	3	1
0	388	1
0	22	3
0	6	1
0	11	3
0	15	3
0	21	3
0	278	1
0	29	1
0	31	1
0	295	1
0	57	2
0	60	3
0	63	1
0	64	1
0	65	1
0	66	1
0	67	1
0	69	1
0	76	2
0	56	5
0	97	1
0	354	1
0	112	2
0	120	1
1	0	5
1	3	7
1	5	4
1	6	3
1	7	1
1	10	1
1	11	10
1	12	4
1	13	3
1	17	1
1	18	2
1	20	5
1	21	5
1	24	1
1	27	3
1	31	4
1	33	1
1	40	1
1	48	1
1	49	4
1	50	3
1	51	3
1	52	1
1	56	6
1	58	1
1	60	1
1	63	4
1	64	5
1	65	6
1	66	6
1	67	5
1	69	3
1	76	6
1	78	2
1	81	2
1	84	2
1	94	6
1	105	1
1	107	1
1	108	21
1	109	12
1	111	1
1	112	2
1	113	4
1	120	3
1	123	3
1	137	3
1	149	4
1	153	3
1	154	4
1	158	1
1	159	1
1	160	2
1	169	2
1	170	1
1	172	13
1	173	4
1	174	4
1	175	1
1	191	1
1	193	2
1	200	1
1	202	1
1	208	4
1	211	2
1	213	1
1	220	1
1	227	2
1	232	1
1	234	2
1	235	3
1	236	1
1	238	2
1	239	2
1	251	2
1	278	1
1	281	1
1	288	1
1	295	1
1	301	1
1	302	1
1	303	1
1	308	1
1	311	1
1	312	4
1	313	1
1	317	1
1	335	1
1	340	1
1	377	1
1	394	1
1	396	1
2	384	1
2	1	2
2	2	1
2	4	1
2	10	2
2	11	2
2	15	2
2	144	2
2	22	2
2	23	1
2	26	2
2	34	2
2	293	1
2	369	1
2	49	1
2	50	1
2	51	1
2	312	1
2	57	1
2	58	7
2	63	2
2	65	1
2	66	1
2	324	1
2	69	1
2	76	1
2	311	1
2	204	1
2	205	1
2	206	1
2	56	2
2	88	1
2	346	1
2	224	1
2	225	2
2	229	1
2	16	1
2	103	2
2	104	2
2	233	1
2	108	1
2	111	1
2	112	1
2	113	1
2	120	1
3	0	6
3	2	1
3	3	2
3	8	3
3	9	4
3	10	1
3	11	5
3	12	4
3	15	4
3	16	3
3	17	2
3	18	1
3	21	5
3	22	1
3	23	2
3	25	4
3	26	1
3	27	1
3	31	1
3	36	1
3	41	1
3	42	1
3	56	6
3	57	3
3	60	2
3	61	1
3	63	3
3	64	2
3	65	2
3	66	2
3	67	2
3	69	1
3	73	1
3	76	2
3	83	1
3	89	1
3	97	1
3	103	1
3	104	1
3	105	1
3	106	1
3	108	3
3	117	1
3	121	2
3	122	1
3	125	1
3	126	2
3	128	1
3	129	1
3	130	1
3	131	1
3	132	1
3	134	1
3	135	2
3	136	1
3	137	2
3	138	1
3	154	2
3	162	1
3	163	1
3	169	1
3	172	3
3	180	1
3	196	1
3	209	1
3	211	1
3	212	1
3	213	1
3	220	1
3	233	2
3	312	1
3	316	1
3	336	1
3	338	1
3	354	1
3	368	1
3	371	1
3	384	1
3	387	1
3	401	1
3	402	1
4	1	1
4	259	1
4	321	1
4	15	1
4	387	1
4	20	1
4	21	1
4	150	1
4	154	1
4	27	1
4	163	2
4	56	2
4	57	1
4	63	1
4	65	1
4	66	1
4	67	1
4	200	1
4	74	1
4	312	1
4	85	1
4	92	1
4	359	1
4	360	1
4	106	3
4	191	1
4	121	2
5	1	4
5	2	1
5	3	1
5	4	3
5	10	1
5	11	1
5	15	3
5	16	3
5	20	1
5	21	3
5	22	3
5	26	1
5	28	1
5	29	1
5	31	1
5	33	2
5	34	1
5	41	1
5	56	4
5	57	2
5	63	2
5	64	2
5	65	2
5	66	2
5	67	2
5	78	1
5	81	3
5	82	3
5	83	1
5	87	1
5	94	1
5	96	1
5	97	1
5	99	2
5	103	1
5	104	1
5	107	1
5	108	1
5	111	4
5	115	1
5	119	1
5	123	2
5	126	1
5	138	2
5	150	1
5	157	1
5	162	1
5	163	4
5	174	1
5	180	1
5	197	2
5	198	1
5	218	1
5	223	1
5	225	2
5	226	1
5	227	2
5	228	1
5	231	1
5	233	1
5	235	1
5	236	1
5	241	1
5	262	1
5	300	2
5	302	1
5	303	1
5	306	1
5	318	1
5	321	1
5	347	3
5	380	1
5	390	1
5	394	1
5	395	1
5	412	1
5	419	1
6	0	14
6	1	22
6	3	10
6	6	2
6	7	2
6	11	34
6	12	13
6	13	2
6	15	26
6	16	15
6	17	4
6	18	4
6	19	7
6	20	8
6	21	8
6	22	16
6	23	9
6	24	3
6	26	11
6	27	6
6	28	2
6	30	1
6	31	8
6	32	1
6	33	2
6	34	8
6	40	1
6	43	1
6	44	1
6	50	1
6	51	1
6	53	1
6	56	9
6	57	8
6	58	16
6	59	3
6	60	5
6	61	3
6	63	12
6	64	8
6	65	6
6	66	6
6	67	5
6	68	1
6	69	2
6	70	3
6	72	13
6	73	2
6	75	2
6	76	13
6	77	1
6	78	1
6	79	6
6	80	6
6	81	4
6	82	3
6	83	2
6	84	5
6	85	3
6	86	2
6	88	1
6	97	2
6	98	1
6	100	2
6	108	3
6	109	1
6	110	1
6	111	3
6	112	8
6	118	1
6	119	5
6	120	6
6	123	3
6	126	2
6	129	3
6	137	2
6	138	1
6	141	1
6	142	1
6	154	2
6	170	2
6	172	1
6	178	3
6	186	1
6	196	1
6	197	1
6	200	2
6	208	1
6	209	1
6	210	1
6	213	1
6	216	1
6	227	1
6	232	1
6	233	2
6	234	4
6	236	1
6	242	1
6	243	1
6	245	1
6	246	1
6	256	1
6	258	1
6	259	1
6	290	2
6	295	1
6	298	1
6	299	2
6	300	1
6	303	1
6	317	3
6	321	1
6	330	2
6	336	1
6	337	2
6	346	1
6	351	2
6	354	5
6	355	1
6	360	1
6	362	1
6	375	1
6	378	1
6	381	12
6	383	1
6	384	3
6	387	1
6	396	1
6	405	1
6	409	1
6	410	1
6	415	1
6	419	2
7	64	1
7	224	1
7	331	1
7	15	2
7	80	1
7	336	1
7	82	1
7	21	3
7	22	1
7	151	1
7	248	1
7	26	1
7	29	1
7	191	2
8	1	6
8	3	4
8	4	2
8	5	2
8	6	2
8	9	2
8	10	2
8	11	7
8	12	2
8	13	2
8	14	1
8	15	5
8	16	2
8	18	1
8	21	2
8	22	1
8	25	2
8	28	3
8	34	1
8	40	1
8	43	1
8	44	1
8	49	3
8	50	6
8	51	6
8	52	2
8	53	6
8	54	1
8	55	3
8	56	2
8	60	3
8	63	4
8	65	1
8	66	1
8	68	2
8	72	2
8	81	2
8	82	2
8	83	1
8	84	1
8	85	1
8	87	2
8	92	1
8	94	2
8	97	1
8	103	6
8	105	4
8	106	3
8	107	3
8	108	3
8	109	2
8	113	1
8	117	2
8	119	1
8	120	3
8	123	3
8	124	1
8	126	3
8	127	1
8	133	1
8	137	2
8	138	1
8	139	1
8	144	2
8	154	2
8	170	1
8	173	1
8	174	2
8	200	1
8	204	1
8	206	1
8	218	1
8	223	1
8	225	2
8	228	1
8	231	1
8	234	1
8	243	1
8	247	1
8	251	1
8	257	1
8	263	1
8	277	1
8	290	1
8	304	2
8	311	1
8	312	2
8	314	1
8	334	2
8	355	1
8	359	1
8	360	1
8	366	1
8	371	1
8	423	1
9	2	2
9	3	7
9	4	1
9	5	4
9	6	3
9	9	4
9	10	4
9	11	7
9	12	2
9	15	6
9	16	5
9	18	2
9	19	2
9	20	1
9	21	2
9	22	5
9	27	1
9	29	2
9	30	1
9	34	1
9	43	1
9	44	1
9	46	1
9	47	1
9	48	1
9	49	8
9	50	1
9	51	1
9	53	1
9	55	1
9	56	3
9	57	3
9	58	1
9	60	2
9	63	3
9	64	3
9	65	3
9	66	3
9	67	2
9	72	7
9	73	1
9	75	1
9	76	1
9	80	3
9	82	4
9	83	1
9	84	1
9	85	1
9	87	1
9	89	1
9	92	1
9	94	4
9	97	1
9	99	1
9	106	2
9	109	4
9	110	1
9	111	4
9	112	1
9	113	1
9	119	1
9	120	2
9	123	6
9	126	2
9	127	1
9	129	1
9	138	1
9	148	1
9	150	1
9	162	1
9	172	2
9	174	1
9	178	1
9	197	1
9	200	1
9	204	1
9	210	1
9	212	1
9	215	1
9	216	2
9	220	1
9	222	1
9	223	1
9	227	4
9	231	3
9	233	2
9	235	2
9	237	1
9	238	1
9	251	1
9	272	1
9	280	2
9	281	1
9	284	2
9	290	1
9	300	1
9	301	1
9	306	1
9	318	1
9	321	2
9	330	1
9	331	1
9	336	1
9	346	1
9	347	2
9	355	2
9	360	1
9	381	2
9	387	2
9	394	1
9	395	1
9	416	1
9	419	1
10	1	2
10	129	1
10	9	1
10	21	1
10	150	1
10	154	2
10	167	1
10	42	1
10	50	2
10	51	2
10	53	2
10	63	2
10	64	1
10	324	1
10	69	1
10	76	1
10	113	1
10	118	1
10	123	1
10	124	1
11	0	2
11	1	5
11	3	2
11	150	2
11	392	1
11	9	3
11	11	3
11	12	1
11	16	1
11	303	1
11	259	1
11	20	3
11	149	5
11	22	1
11	153	2
11	27	2
11	156	1
11	157	1
11	31	1
11	160	1
11	33	1
11	169	1
11	172	3
11	173	3
11	175	2
11	51	1
11	53	1
11	55	1
11	56	8
11	57	4
11	58	2
11	287	1
11	190	1
11	64	2
11	198	1
11	183	1
11	76	2
11	208	3
11	209	2
11	211	2
11	213	1
11	218	1
11	92	2
11	95	1
11	97	1
11	227	1
11	235	2
11	108	5
11	109	5
11	113	1
11	404	1
11	123	1
11	21	3
12	1	5
12	2	1
12	3	3
12	5	1
12	9	3
12	11	5
12	12	1
12	15	8
12	16	2
12	17	1
12	18	2
12	20	1
12	21	1
12	26	1
12	27	1
12	28	1
12	30	1
12	31	1
12	33	1
12	43	1
12	44	1
12	45	1
12	50	3
12	51	3
12	53	3
12	55	2
12	56	1
12	57	3
12	58	3
12	63	4
12	65	2
12	66	2
12	67	2
12	69	1
12	74	1
12	76	1
12	78	1
12	88	1
12	89	2
12	90	1
12	91	2
12	94	4
12	95	2
12	99	1
12	103	3
12	104	3
12	106	2
12	108	8
12	109	1
12	112	2
12	113	1
12	119	1
12	120	3
12	121	1
12	122	1
12	123	4
12	124	1
12	125	1
12	128	1
12	129	1
12	134	3
12	138	1
12	150	2
12	153	1
12	154	2
12	172	2
12	203	1
12	224	1
12	227	1
12	231	1
12	232	3
12	233	3
12	234	1
12	235	4
12	236	1
12	239	1
12	242	2
12	256	1
12	258	1
12	290	1
12	297	1
12	299	1
12	304	1
12	312	1
12	317	1
12	318	1
12	321	1
12	335	1
12	349	1
12	360	1
12	368	1
12	381	1
12	387	1
13	1	3
13	2	1
13	3	2
13	9	1
13	11	3
13	12	1
13	14	1
13	15	6
13	16	3
13	17	1
13	18	1
13	21	1
13	22	1
13	23	2
13	25	1
13	28	2
13	312	1
13	417	1
13	34	1
13	35	1
13	36	1
13	37	1
13	38	1
13	39	1
13	50	1
13	303	1
13	49	1
13	178	1
13	51	1
13	53	1
13	311	1
13	56	2
13	57	1
13	58	7
13	59	1
13	60	1
13	63	2
13	65	1
13	66	1
13	67	1
13	69	2
13	72	3
13	76	1
13	80	3
13	81	2
13	82	2
13	419	1
13	84	1
13	341	2
13	87	1
13	420	1
13	348	1
13	336	1
13	99	1
13	33	1
13	110	1
13	111	1
13	113	1
13	114	1
13	115	1
13	116	1
13	375	1
13	120	1
13	126	5
14	1	5
14	259	1
14	262	1
14	129	1
14	11	1
14	145	1
14	18	1
14	3	1
14	21	2
14	25	2
14	26	1
14	35	1
14	182	1
14	56	5
14	317	1
14	191	1
14	207	1
14	215	1
14	16	1
14	251	1
14	228	1
14	108	1
14	109	1
14	117	1
14	247	1
14	120	1
15	258	4
15	138	1
15	11	1
15	15	1
15	21	1
15	282	1
15	154	1
15	31	1
15	241	1
15	178	1
15	180	1
15	56	1
15	57	3
15	59	1
15	321	1
15	72	1
15	80	1
15	84	1
15	351	1
15	113	1
15	243	1
15	245	1
15	246	1
15	119	1
15	248	1
15	250	1
15	123	1
15	252	1
16	0	9
16	1	1
16	258	2
16	34	1
16	9	1
16	11	3
16	354	1
16	15	2
16	272	1
16	274	1
16	21	1
16	150	1
16	27	1
16	286	1
16	287	1
16	421	1
16	42	1
16	299	1
16	137	2
16	56	3
16	57	3
16	62	2
16	194	1
16	195	1
16	196	1
16	289	1
16	200	1
16	76	1
16	183	1
16	290	1
16	336	1
16	81	1
16	97	3
16	108	2
16	114	1
16	190	2
16	121	1
17	1	8
17	2	1
17	3	4
17	5	1
17	6	2
17	9	4
17	14	1
17	15	4
17	16	3
17	22	3
17	25	2
17	26	3
17	30	1
17	34	1
17	41	1
17	49	1
17	54	2
17	57	4
17	60	3
17	61	2
17	63	6
17	65	5
17	67	3
17	68	1
17	69	2
17	72	1
17	78	1
17	79	1
17	81	2
17	82	1
17	83	1
17	89	2
17	94	3
17	99	2
17	100	1
17	103	1
17	104	1
17	107	1
17	108	2
17	109	1
17	111	2
17	112	2
17	113	2
17	123	5
17	129	1
17	137	1
17	150	2
17	151	1
17	153	1
17	161	1
17	169	1
17	175	1
17	178	1
17	183	2
17	188	1
17	198	1
17	204	3
17	205	1
17	210	1
17	213	1
17	220	1
17	223	1
17	225	1
17	227	2
17	231	1
17	257	1
17	262	1
17	266	1
17	267	1
17	269	1
17	270	1
17	272	2
17	273	1
17	274	1
17	280	3
17	283	1
17	285	1
17	297	1
17	300	1
17	302	1
17	307	1
17	312	2
17	317	2
17	321	1
17	326	1
17	342	1
17	343	1
17	379	1
17	399	1
18	1	22
18	3	8
18	5	2
18	6	3
18	8	1
18	9	12
18	11	24
18	12	6
18	13	1
18	16	8
18	17	5
18	18	4
18	19	5
18	20	6
18	22	12
18	23	2
18	24	1
18	26	6
18	28	2
18	29	3
18	30	2
18	31	4
18	33	1
18	34	9
18	40	1
18	42	1
18	43	1
18	44	1
18	45	1
18	47	1
18	48	1
18	49	5
18	50	1
18	53	1
18	56	9
18	57	8
18	60	4
18	61	2
18	62	1
18	63	9
18	64	5
18	65	4
18	66	4
18	67	2
18	70	3
18	71	1
18	72	9
18	73	3
18	74	1
18	76	10
18	78	1
18	79	6
18	80	3
18	81	7
18	82	7
18	83	1
18	84	3
18	85	3
18	86	1
18	90	1
18	98	1
18	100	2
18	101	1
18	102	1
18	108	3
18	109	1
18	110	2
18	111	5
18	112	5
18	115	1
18	116	1
18	119	2
18	126	2
18	129	3
18	133	1
18	137	2
18	150	3
18	154	1
18	170	2
18	172	1
18	196	1
18	200	2
18	208	1
18	210	1
18	213	1
18	216	2
18	225	1
18	232	1
18	234	4
18	235	1
18	236	1
18	242	1
18	245	1
18	251	1
18	256	1
18	258	1
18	259	1
18	283	1
18	284	1
18	290	1
18	295	1
18	298	1
18	299	2
18	300	1
18	301	1
18	303	2
18	311	1
18	312	3
18	313	1
18	317	2
18	321	1
18	325	2
18	330	2
18	337	2
18	346	1
18	351	2
18	354	5
18	356	1
18	360	1
18	362	1
18	371	1
18	375	1
18	381	10
18	383	1
18	384	2
18	387	1
18	396	1
18	405	1
18	409	1
18	415	1
18	419	2
19	1	2
19	2	1
19	3	1
19	150	1
19	257	1
19	9	2
19	11	1
19	280	1
19	21	1
19	24	1
19	25	2
19	154	2
19	5	1
19	182	1
19	56	2
19	57	1
19	60	1
19	63	1
19	197	1
19	87	1
19	216	1
19	350	1
19	359	1
19	232	1
19	111	1
20	1	1
20	5	1
20	129	2
20	9	1
20	15	1
20	21	2
20	22	1
20	280	1
20	154	1
20	27	1
20	69	1
20	31	1
20	162	1
20	170	1
20	183	1
20	56	1
20	287	1
20	60	1
20	63	1
20	64	1
20	66	1
20	197	1
20	312	1
20	210	1
20	89	1
20	218	1
20	98	1
20	359	1
20	235	1
21	64	1
21	321	1
21	66	1
21	69	1
21	65	1
21	98	1
21	78	1
21	49	1
21	26	1
21	154	1
21	87	1
21	120	1
21	186	1
22	11	1
22	219	1
22	309	1
22	310	1
23	0	4
23	257	1
23	4	2
23	1	4
23	226	1
23	11	2
23	12	3
23	15	1
23	20	3
23	149	2
23	150	3
23	25	1
23	281	1
23	26	2
23	283	1
23	28	1
23	31	3
23	162	3
23	163	2
23	295	1
23	92	1
23	170	1
23	43	1
23	44	1
23	49	2
23	270	1
23	180	1
23	236	1
23	56	8
23	57	2
23	58	3
23	61	1
23	62	1
23	63	1
23	64	1
23	69	2
23	198	1
23	74	2
23	34	2
23	206	1
23	333	1
23	312	1
23	291	1
23	85	1
23	87	2
23	88	1
23	218	1
23	347	3
23	348	2
23	224	1
23	97	1
23	98	1
23	99	5
23	107	1
23	108	1
23	109	1
23	240	1
23	123	1
23	117	1
23	120	1
23	153	1
23	377	1
23	255	2
23	382	1
24	0	1
24	1	2
24	171	1
24	5	3
24	6	1
24	9	1
24	138	1
24	87	1
24	12	1
24	3	1
24	20	2
24	150	2
24	25	2
24	154	2
24	26	1
24	99	1
24	220	1
24	298	1
24	299	1
24	301	1
24	302	1
24	157	2
24	50	1
24	307	1
24	53	1
24	55	1
24	56	4
24	313	1
24	58	2
24	31	1
24	60	1
24	65	1
24	66	1
24	197	1
24	200	1
24	74	1
24	205	1
24	206	1
24	213	1
24	57	2
24	92	2
24	227	2
24	100	1
24	119	1
24	121	2
24	124	1
24	381	1
25	2	1
25	3	3
25	4	1
25	6	2
25	11	8
25	13	1
25	14	1
25	15	6
25	16	2
25	17	2
25	18	2
25	21	4
25	22	1
25	24	1
25	25	4
25	28	3
25	30	2
25	31	2
25	43	1
25	44	1
25	51	3
25	53	3
25	54	1
25	55	1
25	56	3
25	57	2
25	58	5
25	60	2
25	65	1
25	66	1
25	72	3
25	76	2
25	78	2
25	84	2
25	88	1
25	90	2
25	91	2
25	92	1
25	105	1
25	106	2
25	108	1
25	115	1
25	117	1
25	120	2
25	121	1
25	124	1
25	127	1
25	130	1
25	133	1
25	138	2
25	139	1
25	163	1
25	166	1
25	169	1
25	170	1
25	172	1
25	192	1
25	200	1
25	204	1
25	225	2
25	228	1
25	244	1
25	257	1
25	263	1
25	264	1
25	265	1
25	280	1
25	290	1
25	304	1
25	311	1
25	316	1
25	338	1
25	355	1
25	360	1
25	371	2
25	418	1
25	423	1
26	0	7
26	1	7
26	258	2
26	34	1
26	150	3
26	262	1
26	129	3
26	9	2
26	11	9
26	2	1
26	15	10
26	16	1
26	18	1
26	20	1
26	137	1
26	25	4
26	26	2
26	27	3
26	29	1
26	31	2
26	290	1
26	40	1
26	44	1
26	303	1
26	50	2
26	51	2
26	53	2
26	55	1
26	57	5
26	58	1
26	60	4
26	190	1
26	191	1
26	64	2
26	65	2
26	66	2
26	67	2
26	196	2
26	69	1
26	200	2
26	204	1
26	76	5
26	205	1
26	206	1
26	208	2
26	211	1
26	212	1
26	213	1
26	87	1
26	197	1
26	92	2
26	352	1
26	97	3
26	123	1
26	215	1
26	259	1
26	106	1
26	108	1
26	61	1
26	112	1
26	120	2
26	124	1
26	126	1
26	21	2
27	0	2
27	129	1
27	2	1
27	3	1
27	1	5
27	145	1
27	9	2
27	11	8
27	12	1
27	14	1
27	17	2
27	275	1
27	20	1
27	21	5
27	22	1
27	154	1
27	31	1
27	191	2
27	162	1
27	210	1
27	303	1
27	176	1
27	265	1
27	57	2
27	168	1
27	60	2
27	63	6
27	65	1
27	66	1
27	67	1
27	72	2
27	74	1
27	76	1
27	77	1
27	81	2
27	82	1
27	99	1
27	213	1
27	87	3
27	90	1
27	15	3
27	220	1
27	97	1
27	123	3
27	100	1
27	209	1
27	108	1
27	237	1
27	110	1
27	111	2
27	112	3
27	113	2
27	120	1
27	251	1
28	1	1
28	6	2
28	9	2
28	12	1
28	13	1
28	21	2
28	278	1
28	154	1
28	150	2
28	31	1
28	27	1
28	298	1
28	299	1
28	303	1
28	49	1
28	183	2
28	312	1
28	57	4
28	60	2
28	63	3
28	194	1
28	195	1
28	196	1
28	198	1
28	200	1
28	76	2
28	79	1
28	56	4
28	83	1
28	218	2
28	98	1
28	123	1
28	111	1
28	113	2
28	191	1
29	35	2
30	1	4
30	22	2
30	5	1
30	391	1
30	9	1
30	15	5
30	281	3
30	152	1
30	154	2
30	26	1
30	31	1
30	43	1
30	151	1
30	302	1
30	311	1
30	56	5
30	60	1
30	191	1
30	64	1
30	198	1
30	76	2
30	211	1
30	87	3
30	223	1
30	97	1
30	227	1
30	63	2
30	112	1
30	113	1
30	25	1
30	212	1
31	0	1
31	1	2
31	3	4
31	5	2
31	7	1
31	9	2
31	11	4
31	12	2
31	13	1
31	15	2
31	20	1
31	21	4
31	25	2
31	26	3
31	27	2
31	31	2
31	33	1
31	40	1
31	48	1
31	50	1
31	51	1
31	52	1
31	53	2
31	55	1
31	56	2
31	57	1
31	58	1
31	63	2
31	64	1
31	65	2
31	66	2
31	69	2
31	76	6
31	81	2
31	82	1
31	87	2
31	90	2
31	106	5
31	108	11
31	112	1
31	113	2
31	123	4
31	124	1
31	137	1
31	153	1
31	154	3
31	163	3
31	166	1
31	168	1
31	172	6
31	173	1
31	174	2
31	175	1
31	193	1
31	200	1
31	202	1
31	208	2
31	209	1
31	211	1
31	220	1
31	227	1
31	231	1
31	234	1
31	235	3
31	239	1
31	280	3
31	301	1
31	302	1
31	305	1
31	308	1
31	312	1
31	335	1
31	394	1
31	396	1
32	1	4
32	258	1
32	150	1
32	128	1
32	11	3
32	396	1
32	15	4
32	16	2
32	18	1
32	21	4
32	407	1
32	25	2
32	26	2
32	27	2
32	154	1
32	162	1
32	177	1
32	300	1
32	49	1
32	180	1
32	183	1
32	56	4
32	57	8
32	60	1
32	63	5
32	64	2
32	200	1
32	268	1
32	74	1
32	90	1
32	220	1
32	354	1
32	357	1
32	362	1
32	191	1
32	121	1
32	123	3
33	149	1
33	1	5
33	277	1
33	137	1
33	11	3
33	12	2
33	15	3
33	9	2
33	21	4
33	22	1
33	151	1
33	25	1
33	154	4
33	27	1
33	26	1
33	162	1
33	36	1
33	157	1
33	206	1
33	49	1
33	53	2
33	55	1
33	56	5
33	57	2
33	87	1
33	60	2
33	61	1
33	63	3
33	65	1
33	66	1
33	327	1
33	76	1
33	224	1
33	312	1
33	313	1
33	217	1
33	218	1
33	58	1
33	96	1
33	97	1
33	232	1
33	235	1
33	113	1
33	121	1
33	124	1
33	4	2
33	255	1
34	256	1
34	1	3
34	258	1
34	3	1
34	4	1
34	22	1
34	129	1
34	11	3
34	12	1
34	2	1
34	15	4
34	17	2
34	18	1
34	20	2
34	150	4
34	151	1
34	25	2
34	154	4
34	27	4
34	31	1
34	162	1
34	35	1
34	293	1
34	166	1
34	298	1
34	49	1
34	50	1
34	51	1
34	53	1
34	55	1
34	56	7
34	57	3
34	187	1
34	316	1
34	190	2
34	63	4
34	64	1
34	193	1
34	194	1
34	68	1
34	197	4
34	198	1
34	200	1
34	74	1
34	13	1
34	312	1
34	163	1
34	84	1
34	85	1
34	43	1
34	87	1
34	88	1
34	89	1
34	167	1
34	165	1
34	196	1
34	127	1
34	319	1
34	123	1
34	149	1
35	0	2
35	3	2
35	9	2
35	11	3
35	268	1
35	15	3
35	16	2
35	18	2
35	149	1
35	22	1
35	407	1
35	25	3
35	154	3
35	111	2
35	26	2
35	92	1
35	43	1
35	300	1
35	303	1
35	49	2
35	180	1
35	183	1
35	59	1
35	63	6
35	64	3
35	65	1
35	66	1
35	67	1
35	196	1
35	69	1
35	199	1
35	200	1
35	396	1
35	74	3
35	87	2
35	220	2
35	351	1
35	354	1
35	100	1
35	357	1
35	127	1
35	191	2
35	367	1
35	123	3
36	129	1
36	258	2
36	137	1
36	138	1
36	11	1
36	66	1
36	274	1
36	67	1
36	151	1
36	25	1
36	287	1
36	288	1
36	161	1
36	162	1
36	170	1
36	299	1
36	49	1
36	50	1
36	51	1
36	52	1
36	53	1
36	183	1
36	57	6
36	63	1
36	65	1
36	194	1
36	195	1
36	200	2
36	75	1
36	88	3
36	218	1
36	97	1
36	109	2
36	113	1
37	36	1
37	111	1
38	257	1
38	258	2
38	49	1
38	358	1
38	177	1
38	135	1
38	17	1
38	178	1
38	85	1
38	151	1
38	88	2
38	57	2
38	120	1
38	373	1
39	1	2
39	2	2
39	3	3
39	4	1
39	6	1
39	9	1
39	11	3
39	12	1
39	15	2
39	149	1
39	280	1
39	25	2
39	28	1
39	157	1
39	160	1
39	161	1
39	419	1
39	51	2
39	53	2
39	54	2
39	183	1
39	312	2
39	57	1
39	63	2
39	64	2
39	65	1
39	66	1
39	67	1
39	55	1
39	56	3
39	213	1
39	87	1
39	218	1
39	96	1
39	97	1
39	98	1
39	99	1
39	81	1
39	123	1
39	192	1
39	21	2
39	277	1
40	0	2
40	294	1
40	40	1
40	171	1
40	22	1
41	84	1
41	99	1
41	5	1
41	87	1
41	15	2
41	120	1
41	20	1
41	279	1
41	216	1
41	57	1
41	154	1
41	123	1
41	312	1
41	349	1
41	30	1
41	63	1
42	322	1
42	87	1
42	9	1
42	119	1
42	395	1
42	183	2
42	57	1
42	154	1
42	60	1
42	63	1
43	149	1
43	1	1
43	363	1
43	150	3
43	15	1
43	274	1
43	277	1
43	22	1
43	281	1
43	31	1
43	163	1
43	172	1
43	174	1
43	48	1
43	179	3
43	180	4
43	56	3
43	287	1
43	190	1
43	65	1
43	66	1
43	67	1
43	196	1
43	74	1
43	75	1
43	206	1
43	208	1
43	209	2
43	215	1
43	218	1
43	357	1
43	99	3
43	229	1
43	106	2
43	235	2
43	108	4
43	109	3
43	21	2
44	26	1
44	21	1
44	150	1
44	153	1
44	282	1
44	28	1
44	154	3
44	293	1
44	294	1
44	49	1
44	52	1
44	56	1
44	325	1
44	84	1
44	87	2
44	108	1
44	109	1
45	9	1
45	2	2
45	67	1
45	15	1
46	256	1
46	0	1
46	3	2
46	388	1
46	1	1
46	9	2
46	11	1
46	15	1
46	387	1
46	419	1
46	60	1
46	321	1
46	76	1
46	81	1
46	82	1
46	84	2
46	220	1
46	123	1
46	119	1
46	120	1
46	379	1
47	384	1
47	1	2
47	3	2
47	64	1
47	9	3
47	10	2
47	139	1
47	12	1
47	14	1
47	15	2
47	144	2
47	21	3
47	22	2
47	23	1
47	26	2
47	293	1
47	49	1
47	312	1
47	57	1
47	58	8
47	60	1
47	63	2
47	320	1
47	65	2
47	67	1
47	324	1
47	204	1
47	206	1
47	11	2
47	56	1
47	84	1
47	346	1
47	347	1
47	224	1
47	225	2
47	16	3
47	103	2
47	105	2
47	234	1
47	237	1
47	111	1
47	112	1
47	113	1
47	249	1
48	97	1
48	2	1
48	147	1
48	278	1
48	295	1
48	9	3
48	11	1
48	79	1
48	16	1
48	17	1
48	19	1
48	21	1
48	22	1
48	120	1
48	60	1
48	69	1
49	100	1
49	126	1
49	87	1
50	256	1
50	2	1
50	3	2
50	1	5
50	138	1
50	11	4
50	12	2
50	17	1
50	26	3
50	20	1
50	21	2
50	25	2
50	154	2
50	30	1
50	287	1
50	391	1
50	172	2
50	48	1
50	52	1
50	54	1
50	183	1
50	56	5
50	31	1
50	60	2
50	190	1
50	63	1
50	192	1
50	65	2
50	66	2
50	67	2
50	197	1
50	200	1
50	55	1
50	205	1
50	78	1
50	208	1
50	84	2
50	206	1
50	87	2
50	218	1
50	97	1
50	227	1
50	103	1
50	235	2
50	108	2
50	18	1
50	112	1
50	113	1
50	379	1
50	125	1
50	213	1
50	149	1
51	1	2
51	2	1
51	3	2
51	4	1
51	192	1
51	15	2
51	274	1
51	277	1
51	137	1
51	25	3
51	154	1
51	28	1
51	157	1
51	30	1
51	160	1
51	161	1
51	419	1
51	51	1
51	53	1
51	54	1
51	265	1
51	56	3
51	57	1
51	58	1
51	60	1
51	63	2
51	64	1
51	65	1
51	66	1
51	67	1
51	183	1
51	336	1
51	312	1
51	218	1
51	92	2
51	96	1
51	97	1
51	99	1
51	81	1
51	113	1
51	55	1
51	21	2
52	1	2
52	6	1
52	7	1
52	11	1
52	142	1
52	17	1
52	21	1
52	279	1
52	25	1
52	154	1
52	170	1
52	58	1
52	60	1
52	64	2
52	202	1
52	210	1
52	97	1
52	98	1
52	113	2
53	1	1
53	258	1
53	19	1
54	0	1
54	3	1
54	6	1
54	12	1
54	15	2
54	16	1
54	18	2
54	20	2
54	21	1
54	150	1
54	280	1
54	25	1
54	154	1
54	27	2
54	287	1
54	300	1
54	173	1
54	183	1
54	316	1
54	63	1
54	64	2
54	65	1
54	66	1
54	67	1
54	197	2
54	76	1
54	78	1
54	223	1
54	224	1
54	97	1
54	112	1
54	119	1
55	1	1
55	6	1
55	7	1
55	9	1
55	15	1
55	21	1
55	154	2
55	29	1
55	312	1
55	57	1
55	60	1
55	318	1
55	63	3
55	65	1
55	66	1
55	67	1
55	200	1
55	202	1
55	76	1
55	212	1
55	87	1
55	92	1
55	223	1
55	97	1
55	98	1
55	235	1
55	113	2
55	149	1
56	11	1
56	12	1
56	15	1
56	144	1
56	21	1
56	151	1
56	281	1
56	50	1
56	180	1
56	53	1
56	56	1
56	195	1
56	198	1
56	72	1
56	218	1
56	223	2
56	242	1
56	117	1
56	121	1
57	184	1
57	185	1
57	146	1
58	0	6
58	34	1
58	3	1
58	9	1
58	11	1
58	15	1
58	21	1
58	56	2
58	58	1
58	61	1
59	1	1
59	10	1
59	15	1
59	17	1
59	18	1
59	21	1
59	22	1
59	25	1
59	154	1
59	27	1
59	170	1
59	44	1
59	56	1
59	57	1
59	138	1
59	63	1
59	76	1
59	87	1
59	112	1
59	123	1
59	127	1
60	188	1
60	189	1
61	65	1
61	66	1
61	227	1
61	6	1
61	9	1
61	43	1
61	44	1
61	11	2
61	315	1
61	63	1
61	127	1
62	256	1
62	258	2
62	49	1
62	196	1
62	17	1
62	135	2
62	285	1
62	16	1
62	177	4
62	178	1
62	120	1
62	88	4
62	57	2
62	154	2
62	316	1
62	381	1
62	190	1
63	5	1
63	6	1
63	172	1
63	12	1
63	15	1
63	400	1
63	17	2
63	18	1
63	280	1
63	26	1
63	154	1
63	287	1
63	162	1
63	163	1
63	170	1
63	43	1
63	44	1
63	173	1
63	174	1
63	305	1
63	51	1
63	365	1
63	56	2
63	57	1
63	317	1
63	66	1
63	67	1
63	324	1
63	197	1
63	200	1
63	183	1
63	76	1
63	79	1
63	208	1
63	312	1
63	99	1
63	213	1
63	87	1
63	218	1
63	209	1
63	63	3
63	235	1
63	108	1
63	109	1
63	111	1
63	113	1
63	123	2
63	127	1
63	149	1
64	0	3
64	1	5
64	259	1
64	4	1
64	150	1
64	194	1
64	14	1
64	15	4
64	17	2
64	18	2
64	3	1
64	20	2
64	281	1
64	154	1
64	27	2
64	312	1
64	26	1
64	163	1
64	422	1
64	108	1
64	56	1
64	57	2
64	65	1
64	63	1
64	321	1
64	196	1
64	198	1
64	199	1
64	200	1
64	74	2
64	76	2
64	208	1
64	99	1
64	212	1
64	214	1
64	88	1
64	218	1
64	223	1
64	352	1
64	123	1
64	84	1
64	359	1
64	360	1
64	111	1
64	336	1
64	113	1
64	243	1
64	121	2
64	191	1
64	195	1
64	21	3
65	64	1
65	257	1
65	99	1
65	69	1
65	9	1
65	74	1
65	76	1
65	12	1
65	49	1
65	87	2
65	25	1
65	58	1
65	220	1
65	154	3
65	63	2
66	19	1
66	34	1
66	68	1
66	15	1
66	58	1
66	279	1
66	280	1
66	90	1
66	28	1
66	61	1
67	1	2
67	22	1
67	7	1
67	11	1
67	15	4
67	144	1
67	150	1
67	25	2
67	26	1
67	27	1
67	58	1
67	188	1
67	63	1
67	312	1
67	347	1
67	16	1
67	111	1
67	120	1
68	6	1
68	129	3
68	9	4
68	15	2
68	21	2
68	22	1
68	280	1
68	25	1
68	26	3
68	27	1
68	28	1
68	154	2
68	69	1
68	31	1
68	56	6
68	60	3
68	61	1
68	65	1
68	66	1
68	197	1
68	76	1
68	336	1
68	312	1
68	84	2
68	87	3
68	92	1
68	359	1
68	232	1
68	63	3
68	375	1
68	120	2
69	256	1
69	1	1
69	258	3
69	99	1
69	358	1
69	232	1
69	74	1
69	12	1
69	282	1
69	180	1
69	213	1
69	25	1
69	56	1
69	154	2
69	59	1
69	285	1
69	21	1
70	4	1
70	138	1
70	11	1
70	15	1
70	21	1
70	150	1
70	23	1
70	28	1
70	34	1
70	168	1
70	180	1
70	61	1
70	68	1
70	72	1
70	84	1
70	93	1
70	97	1
70	358	1
70	360	1
70	117	1
70	121	1
70	254	1
71	1	4
71	3	3
71	391	1
71	9	1
71	11	3
71	15	3
71	404	1
71	149	1
71	25	1
71	281	1
71	26	1
71	33	1
71	169	1
71	7	1
71	56	3
71	57	1
71	58	1
71	191	1
71	208	1
71	209	1
71	211	1
71	212	1
71	216	1
71	217	1
71	102	1
71	259	2
71	111	1
71	121	1
72	1	2
72	3	2
72	4	1
72	5	3
72	6	1
72	9	1
72	138	1
72	11	1
72	12	1
72	18	2
72	20	2
72	21	2
72	150	2
72	25	4
72	154	2
72	27	1
72	26	1
72	31	2
72	99	1
72	220	1
72	298	1
72	302	1
72	49	2
72	50	1
72	52	1
72	53	1
72	56	4
72	57	2
72	58	3
72	60	1
72	313	1
72	63	4
72	64	1
72	65	1
72	197	1
72	200	1
72	74	1
72	204	1
72	205	1
72	206	1
72	83	1
72	84	1
72	213	1
72	87	1
72	218	1
72	92	2
72	95	1
72	98	1
72	227	2
72	121	2
72	123	2
72	124	1
72	381	1
72	149	1
73	300	1
73	111	1
74	262	3
74	263	2
74	264	1
74	9	2
74	11	2
74	192	1
74	13	2
74	15	2
74	277	1
74	150	1
74	23	1
74	280	2
74	25	2
74	26	1
74	30	2
74	261	1
74	6	1
74	166	1
74	295	1
74	40	1
74	301	1
74	303	1
74	136	1
74	307	1
74	57	1
74	60	1
74	191	1
74	64	4
74	76	2
74	87	2
74	90	1
74	92	1
74	94	1
74	95	1
74	98	1
74	100	1
74	38	1
74	111	1
74	370	1
74	243	1
74	69	1
74	376	1
74	123	1
75	97	1
75	22	1
75	1	1
75	63	3
75	79	1
75	381	1
75	26	1
75	83	1
75	25	1
75	150	1
75	151	1
75	56	4
75	154	1
75	61	1
75	117	1
76	1	2
76	4	1
76	5	1
76	137	1
76	11	1
76	269	1
76	398	1
76	22	1
76	280	1
76	25	1
76	26	1
76	157	1
76	161	1
76	41	1
76	307	1
76	9	1
76	57	1
76	191	1
76	64	1
76	65	1
76	66	1
76	67	1
76	81	2
76	342	1
76	343	1
76	63	1
76	210	1
76	121	2
76	123	2
77	64	1
77	199	1
77	330	1
77	47	1
77	48	1
77	17	1
77	18	1
77	25	1
77	351	1
78	68	1
78	129	1
78	99	1
78	196	1
78	15	1
78	16	1
78	50	1
78	51	1
78	52	1
78	53	1
78	88	1
78	57	2
78	154	1
78	351	1
79	27	1
79	63	2
79	11	1
79	15	2
79	21	1
79	22	1
79	56	2
79	57	3
79	26	1
79	59	1
79	220	1
79	31	1
80	162	1
80	99	1
80	65	1
80	74	1
80	66	1
80	67	1
80	150	1
80	25	2
80	154	1
81	97	1
81	9	1
81	15	1
81	17	1
81	57	1
81	29	1
82	364	1
83	0	9
83	65	1
83	3	2
83	196	1
83	69	1
83	15	1
83	163	1
83	220	1
84	232	1
84	57	1
84	3	1
84	97	1
85	1	2
85	7	1
85	9	2
85	15	2
85	20	1
85	149	2
85	150	1
85	281	1
85	154	2
85	27	1
85	31	1
85	163	1
85	422	1
85	167	1
85	49	2
85	50	1
85	51	1
85	53	1
85	56	1
85	57	2
85	64	1
85	194	1
85	195	1
85	199	1
85	76	3
85	336	1
85	88	1
85	218	1
85	223	1
85	224	1
85	372	1
85	84	1
85	123	1
85	124	1
85	21	2
86	149	1
86	22	1
86	9	1
86	106	1
86	255	1
86	78	1
86	15	4
86	79	1
86	150	1
86	151	1
86	56	1
86	154	1
86	111	1
87	0	4
87	32	1
87	34	2
87	7	1
87	20	1
87	86	1
87	57	2
87	61	2
88	0	1
88	34	2
88	9	2
88	396	1
88	144	1
88	21	1
88	150	1
88	151	1
88	153	1
88	26	1
88	283	1
88	28	1
88	31	1
88	162	1
88	291	1
88	295	1
88	173	1
88	180	1
88	57	1
88	58	1
88	63	1
88	74	1
88	333	1
88	206	1
88	163	1
88	88	1
88	347	3
88	348	2
88	224	1
88	99	3
88	361	1
88	107	1
88	247	1
88	120	1
88	377	1
88	319	1
88	255	1
89	56	1
89	1	1
89	330	1
89	197	1
89	206	1
90	56	2
90	186	1
90	15	1
91	1	1
91	259	1
91	324	1
91	200	1
91	9	1
91	87	1
91	15	1
91	113	1
91	57	1
91	25	1
91	154	2
91	63	1
92	64	1
92	256	1
92	22	1
92	6	1
92	129	1
92	9	1
92	74	1
92	15	1
92	150	1
92	120	1
92	58	1
92	157	1
92	63	1
93	219	1
94	3	1
94	11	1
94	87	1
94	25	1
94	154	1
95	170	1
95	227	1
95	6	1
95	302	1
96	106	1
96	3	1
96	12	1
97	97	1
97	324	1
97	326	1
97	1	1
97	87	1
97	15	2
97	403	1
97	21	1
97	121	1
97	60	1
97	26	1
97	63	1
98	0	7
98	256	1
98	69	1
98	11	1
98	12	2
98	117	1
98	270	1
98	240	1
98	62	1
98	56	5
98	57	2
98	58	3
98	255	1
98	220	1
98	150	1
98	31	2
99	352	1
99	129	1
99	99	1
99	196	1
99	336	1
99	25	1
99	151	1
99	56	1
99	57	1
100	81	1
100	82	1
100	157	1
100	63	1
101	256	1
101	149	1
101	150	1
101	26	1
101	21	1
101	154	1
101	63	2
102	64	1
102	1	1
102	9	1
102	49	1
102	87	1
102	25	1
102	26	1
102	191	1
102	154	1
102	63	1
103	256	1
103	1	1
103	424	1
103	235	1
103	300	1
103	109	2
103	111	1
103	104	1
103	26	1
103	371	1
103	21	1
103	56	1
103	25	1
103	154	1
103	27	1
103	63	2
104	64	1
104	98	1
104	3	1
104	167	1
104	15	1
104	57	1
104	312	1
104	25	2
104	58	1
104	27	1
104	60	1
104	63	1
105	295	1
105	156	1
105	151	1
105	149	1
105	153	1
105	154	2
105	60	1
105	94	1
106	1	1
106	11	1
106	112	1
106	146	1
106	57	2
106	184	8
106	185	2
107	0	1
107	34	1
107	69	1
107	170	1
107	240	1
108	34	1
108	105	1
108	234	1
108	107	1
109	64	1
109	384	1
109	15	1
109	312	1
109	381	1
110	27	1
111	1	1
111	7	1
111	11	1
111	15	3
111	144	1
111	150	2
111	25	1
111	27	1
111	177	1
111	312	1
111	58	1
111	63	2
111	64	1
111	347	1
111	225	1
111	120	1
112	1	1
112	11	2
113	34	1
113	4	1
113	75	1
113	140	1
113	157	1
113	347	2
113	28	1
113	381	1
113	69	1
114	64	1
114	0	2
114	5	1
114	31	1
114	11	4
114	15	3
114	208	1
114	120	1
114	84	1
114	149	2
114	22	3
114	56	1
114	57	3
114	312	1
114	150	1
114	63	2
115	9	1
115	336	1
115	92	1
115	373	1
115	88	1
115	57	2
115	283	1
115	61	1
116	2	1
116	9	1
116	42	1
116	13	1
116	15	1
116	22	1
116	228	1
117	1	4
117	258	2
117	4	1
117	389	1
117	134	1
117	9	1
117	272	1
117	17	1
117	149	2
117	281	1
117	25	4
117	22	1
117	26	1
117	287	1
117	289	1
117	162	3
117	299	1
117	177	1
117	180	2
117	183	1
117	312	1
117	57	3
117	61	1
117	63	2
117	64	1
117	194	1
117	195	1
117	196	2
117	69	1
117	353	1
117	200	1
117	74	2
117	75	1
117	332	1
117	336	1
117	56	3
117	274	1
117	212	1
117	87	2
117	88	5
117	218	2
117	344	1
117	98	1
117	99	5
117	108	3
117	154	1
117	319	1
117	62	1
117	251	1
117	120	1
117	123	1
118	56	1
119	290	1
119	22	1
119	1	2
119	103	1
119	15	1
119	16	1
119	150	1
119	151	1
119	26	1
119	63	1
120	65	1
120	245	1
120	4	1
120	69	1
120	34	1
120	3	1
120	20	1
120	21	2
120	218	1
120	155	1
120	58	1
121	3	1
121	150	1
121	328	1
121	137	1
121	352	1
121	336	1
121	8	1
121	83	1
121	214	1
121	9	1
121	25	1
121	63	1
121	21	1
121	127	1
122	0	2
122	1	1
122	3	1
122	9	1
122	10	1
122	11	2
122	13	1
122	15	1
122	21	1
122	157	1
122	31	1
122	303	1
122	311	1
122	191	1
122	64	1
122	76	1
122	208	1
122	377	1
122	112	1
122	113	1
122	119	1
123	1	5
123	2	1
123	5	1
123	9	3
123	11	6
123	12	1
123	15	4
123	16	2
123	22	2
123	25	2
123	27	1
123	30	1
123	31	2
123	34	1
123	41	1
123	50	1
123	53	1
123	54	2
123	55	1
123	56	6
123	57	3
123	58	3
123	61	1
123	63	4
123	64	2
123	65	2
123	67	2
123	68	1
123	72	1
123	74	1
123	76	1
123	78	1
123	79	1
123	83	1
123	87	2
123	89	2
123	93	1
123	94	3
123	99	1
123	100	1
123	103	1
123	104	1
123	107	1
123	108	2
123	112	1
123	113	2
123	120	3
123	123	3
123	126	1
123	129	1
123	138	1
123	151	1
123	153	1
123	162	1
123	163	2
123	169	1
123	170	2
123	178	1
123	183	1
123	188	1
123	205	1
123	206	1
123	208	1
123	209	1
123	213	1
123	220	1
123	223	1
123	224	1
123	225	1
123	228	1
123	231	1
123	235	2
123	251	1
123	258	1
123	262	1
123	266	1
123	267	1
123	269	1
123	270	1
123	271	1
123	272	2
123	273	1
123	274	1
123	280	1
123	312	1
123	326	1
123	379	1
124	27	1
124	133	1
124	264	1
124	414	1
124	15	2
124	17	1
124	50	1
124	51	1
124	20	1
124	21	1
124	54	1
124	25	1
124	56	2
124	57	1
124	154	2
124	53	1
124	150	1
124	149	1
125	64	2
125	11	1
125	4	1
125	169	1
125	87	1
125	366	1
125	111	1
125	85	1
125	151	1
125	56	1
125	25	1
125	154	1
125	15	1
125	21	1
125	157	1
125	63	1
126	171	1
126	173	1
126	312	1
126	153	1
126	29	1
127	216	1
127	145	1
128	64	1
128	129	1
128	9	3
128	76	1
128	191	1
128	15	1
128	336	1
128	84	2
128	85	1
128	119	1
128	56	2
128	26	2
128	123	1
128	63	2
129	292	1
129	381	1
129	373	1
129	119	1
129	15	1
129	221	2
130	129	1
130	300	1
130	111	1
130	243	1
130	21	1
130	88	1
130	123	1
130	316	1
130	63	1
131	17	1
131	21	2
131	150	1
131	56	1
131	58	1
131	61	1
132	64	1
132	4	1
132	11	1
132	334	1
132	148	1
132	21	2
132	151	3
132	157	1
132	126	1
132	149	1
133	0	2
133	4	1
133	397	1
133	406	1
133	26	1
133	163	2
133	57	1
133	319	1
133	330	1
133	88	1
133	347	1
133	98	2
133	99	1
133	103	1
133	104	1
133	105	1
133	106	2
133	107	1
133	247	1
133	381	1
134	64	1
134	25	1
134	154	1
135	328	1
135	242	1
135	19	2
135	70	1
136	352	1
136	3	1
136	99	3
136	40	1
136	113	1
136	180	1
136	150	1
136	57	1
136	56	2
136	251	1
136	29	1
137	40	1
138	113	1
138	197	1
138	25	1
139	0	2
139	97	1
139	69	1
139	7	1
139	31	1
139	336	1
139	85	1
139	56	3
139	25	1
139	154	1
139	59	1
139	220	1
140	219	1
140	119	1
141	1	1
141	322	1
141	295	1
141	200	1
141	57	1
141	119	1
141	15	1
141	16	1
141	149	1
141	87	1
141	25	1
141	154	1
141	151	1
141	190	1
141	31	1
142	1	2
142	5	1
142	6	1
142	280	1
142	21	1
142	151	1
142	24	1
142	25	2
142	26	1
142	154	2
142	312	1
142	60	2
142	336	1
142	56	2
142	85	1
142	359	1
142	123	2
143	12	1
144	1	2
144	0	1
144	11	2
144	12	2
144	15	3
144	16	2
144	17	1
144	18	1
144	25	1
144	35	1
144	36	1
144	37	1
144	38	1
144	39	1
144	42	1
144	303	1
144	49	1
144	50	1
144	51	1
144	53	1
144	311	1
144	56	2
144	57	1
144	58	1
144	59	1
144	65	1
144	66	1
144	67	1
144	69	1
144	75	1
144	81	2
144	82	2
144	339	1
144	84	1
144	224	1
144	234	1
144	110	1
144	111	1
144	114	1
144	116	1
144	375	1
145	64	1
145	25	1
145	95	1
145	30	1
145	63	1
146	228	1
146	296	1
146	269	1
146	15	1
146	16	1
146	152	1
146	25	1
147	11	1
147	22	1
148	11	1
148	12	1
148	84	1
148	85	1
148	150	1
148	61	1
149	154	1
149	90	1
149	294	1
150	58	1
151	256	1
151	3	1
151	150	2
151	129	1
151	11	1
151	15	4
151	17	2
151	18	1
151	20	2
151	21	4
151	22	1
151	151	1
151	25	1
151	26	1
151	27	3
151	154	2
151	31	1
151	164	1
151	166	1
151	113	2
151	297	1
151	43	2
151	44	2
151	45	1
151	157	1
151	50	1
151	51	1
151	53	1
151	55	1
151	56	3
151	313	1
151	187	1
151	61	1
151	190	2
151	193	1
151	197	2
151	200	1
151	74	2
151	312	1
151	210	1
151	163	1
151	84	1
151	165	1
151	97	1
151	196	1
151	319	1
151	127	1
152	81	1
152	82	1
152	87	1
153	25	1
153	154	1
153	123	1
154	145	1
154	183	1
154	229	1
154	230	1
154	157	1
155	328	1
155	21	1
155	15	1
156	56	1
156	1	1
157	1	2
157	258	1
157	150	1
157	25	1
157	153	1
157	26	1
157	154	1
157	294	1
157	176	1
157	177	1
157	178	1
157	51	1
157	52	1
157	53	1
157	183	1
157	56	1
157	63	1
157	325	1
157	85	1
157	87	1
157	220	1
157	235	1
157	108	1
157	109	1
158	97	1
158	34	1
158	21	1
158	270	1
158	143	1
159	288	1
159	12	1
159	15	1
159	209	1
159	50	1
159	51	1
159	21	1
159	150	1
159	56	1
159	25	1
159	154	1
159	53	1
159	149	1
160	1	1
160	27	1
160	72	1
160	154	1
160	150	2
160	26	2
160	255	1
160	253	1
160	254	1
160	149	2
161	224	1
161	17	1
161	113	1
161	232	1
161	12	1
161	15	2
161	49	1
161	21	1
161	121	1
161	88	1
161	25	2
161	218	1
161	251	1
161	31	2
163	230	1
164	64	1
164	129	1
164	1	1
164	15	1
164	145	1
164	154	1
164	60	1
164	61	1
164	63	1
165	1	1
165	198	1
165	303	1
165	21	1
165	151	1
165	56	1
165	281	1
165	191	1
166	58	1
166	34	1
166	245	1
166	147	1
166	19	1
166	155	1
166	184	1
166	4	1
166	218	1
166	287	1
166	61	1
166	85	1
167	69	1
169	360	1
169	138	1
169	77	1
169	19	1
169	22	1
169	318	1
169	31	1
171	15	1
171	87	1
171	56	1
171	25	1
171	60	1
172	384	1
172	225	1
172	66	1
172	65	1
172	74	1
172	119	1
172	87	1
172	25	1
172	61	1
173	97	1
173	98	1
173	67	1
173	65	1
173	66	1
173	174	1
173	149	1
173	183	1
173	218	1
173	287	1
174	288	1
174	154	1
174	63	1
175	34	2
175	263	1
175	13	1
175	113	1
175	50	1
175	53	1
175	55	1
175	248	1
175	25	1
176	119	1
177	1	4
177	3	1
177	9	1
177	11	1
177	12	1
177	15	4
177	16	1
177	20	2
177	21	4
177	153	1
177	25	2
177	26	2
177	27	2
177	157	1
177	30	1
177	287	1
177	160	1
177	33	1
177	168	1
177	172	1
177	173	1
177	303	1
177	51	1
177	53	1
177	55	1
177	56	7
177	57	2
177	58	1
177	190	1
177	191	1
177	183	1
177	76	2
177	208	1
177	92	1
177	94	1
177	95	1
177	224	2
177	97	1
177	235	2
177	108	1
177	149	1
178	58	1
178	31	1
179	15	1
179	220	1
179	31	1
180	145	1
180	243	1
181	1	5
181	150	2
181	129	2
181	11	7
181	14	1
181	15	9
181	17	1
181	18	1
181	20	1
181	21	4
181	137	1
181	25	2
181	154	1
181	27	4
181	31	2
181	368	1
181	290	1
181	40	1
181	43	1
181	44	1
181	45	1
181	48	1
181	50	2
181	51	2
181	53	2
181	55	1
181	56	6
181	57	5
181	58	1
181	60	1
181	61	1
181	63	3
181	64	2
181	65	1
181	66	1
181	67	1
181	196	3
181	69	1
181	200	3
181	208	2
181	212	1
181	213	1
181	214	1
181	197	1
181	26	1
181	92	1
181	352	1
181	97	2
181	99	1
181	112	1
181	113	1
181	121	1
181	191	1
181	149	1
182	228	1
182	63	1
183	0	1
183	1	2
183	6	1
183	9	1
183	11	3
183	21	2
183	150	1
183	285	1
183	168	1
183	170	1
183	176	1
183	56	2
183	57	1
183	60	1
183	67	1
183	77	1
183	213	1
183	87	1
183	15	2
183	98	1
183	362	1
183	111	1
183	113	1
183	120	1
183	378	1
184	0	2
185	1	1
185	198	1
185	295	1
185	87	1
185	15	1
185	16	1
185	119	1
185	281	1
185	31	1
185	151	1
185	223	1
186	40	1
186	56	1
186	63	2
187	97	1
187	194	1
187	99	1
187	195	1
187	11	1
187	12	1
187	242	1
187	15	1
187	50	1
187	51	1
187	52	1
187	53	1
187	223	1
188	9	1
189	0	3
189	34	1
189	61	2
190	1	2
190	42	1
190	15	1
190	115	1
190	188	1
191	43	1
191	11	1
192	0	1
192	20	1
192	21	1
192	150	1
192	25	1
192	30	1
192	299	1
192	49	1
192	56	1
192	57	2
192	60	2
192	65	1
192	66	1
192	197	1
192	200	1
192	87	1
192	218	1
192	220	1
192	95	1
192	121	2
192	251	1
193	0	1
193	3	1
193	15	1
193	20	1
193	21	2
193	41	1
193	377	1
193	348	1
194	99	1
195	179	1
196	3	1
196	15	1
197	361	1
197	186	1
197	84	1
197	255	1
198	0	1
198	59	1
198	199	1
198	21	1
198	31	1
199	12	1
200	312	1
200	60	1
201	145	1
202	186	1
203	165	1
203	63	1
204	106	1
204	174	1
204	145	1
204	21	1
204	221	1
205	56	1
205	25	1
205	21	1
205	17	1
207	160	1
207	192	1
207	202	1
208	145	1
209	1	5
209	3	4
209	5	1
209	262	1
209	129	1
209	9	3
209	138	1
209	11	2
209	15	1
209	16	2
209	273	1
209	274	1
209	19	1
209	22	1
209	235	3
209	154	2
209	27	1
209	285	1
209	376	1
209	6	2
209	65	2
209	257	1
209	151	1
209	302	1
209	175	1
209	10	1
209	54	2
209	183	2
209	56	2
209	57	1
209	60	1
209	317	2
209	321	1
209	69	1
209	198	1
209	225	1
209	200	1
209	204	1
209	76	1
209	205	1
209	78	1
209	83	1
209	213	1
209	87	2
209	89	2
209	218	1
209	93	1
209	94	1
209	223	1
209	224	2
209	272	2
209	61	1
209	227	2
209	232	2
209	107	1
209	108	2
209	109	1
209	111	2
209	112	1
209	104	1
209	123	2
209	119	1
209	379	1
210	21	1
210	270	1
210	31	1
211	56	1
211	21	1
211	126	1
212	56	1
212	25	1
212	21	1
214	27	1
214	76	1
215	81	1
215	82	1
216	280	1
218	81	1
218	374	1
219	17	1
219	21	1
219	7	1
220	136	1
220	0	1
